CREATE DATABASE  IF NOT EXISTS `firmaDB` /*!40100 DEFAULT CHARACTER SET utf8mb4 COLLATE utf8mb4_0900_ai_ci */ /*!80016 DEFAULT ENCRYPTION='N' */;
USE `firmaDB`;
-- MySQL dump 10.13  Distrib 8.0.44, for macos15 (arm64)
--
-- Host: 192.168.0.88    Database: firmaDB
-- ------------------------------------------------------
-- Server version	8.0.30-0ubuntu0.22.04.1

/*!40101 SET @OLD_CHARACTER_SET_CLIENT=@@CHARACTER_SET_CLIENT */;
/*!40101 SET @OLD_CHARACTER_SET_RESULTS=@@CHARACTER_SET_RESULTS */;
/*!40101 SET @OLD_COLLATION_CONNECTION=@@COLLATION_CONNECTION */;
/*!50503 SET NAMES utf8 */;
/*!40103 SET @OLD_TIME_ZONE=@@TIME_ZONE */;
/*!40103 SET TIME_ZONE='+00:00' */;
/*!40014 SET @OLD_UNIQUE_CHECKS=@@UNIQUE_CHECKS, UNIQUE_CHECKS=0 */;
/*!40014 SET @OLD_FOREIGN_KEY_CHECKS=@@FOREIGN_KEY_CHECKS, FOREIGN_KEY_CHECKS=0 */;
/*!40101 SET @OLD_SQL_MODE=@@SQL_MODE, SQL_MODE='NO_AUTO_VALUE_ON_ZERO' */;
/*!40111 SET @OLD_SQL_NOTES=@@SQL_NOTES, SQL_NOTES=0 */;

--
-- Table structure for table `address`
--

DROP TABLE IF EXISTS `address`;
/*!40101 SET @saved_cs_client     = @@character_set_client */;
/*!50503 SET character_set_client = utf8mb4 */;
CREATE TABLE `address` (
  `ADDRESS_ID` int NOT NULL AUTO_INCREMENT,
  `ZIP` int DEFAULT NULL,
  `CITY` varchar(45) DEFAULT NULL,
  `STREET` varchar(45) DEFAULT NULL,
  `NR` varchar(45) DEFAULT NULL,
  PRIMARY KEY (`ADDRESS_ID`)
) ENGINE=InnoDB AUTO_INCREMENT=2 DEFAULT CHARSET=utf8mb3;
/*!40101 SET character_set_client = @saved_cs_client */;

--
-- Dumping data for table `address`
--

LOCK TABLES `address` WRITE;
/*!40000 ALTER TABLE `address` DISABLE KEYS */;
/*!40000 ALTER TABLE `address` ENABLE KEYS */;
UNLOCK TABLES;

--
-- Table structure for table `contract`
--

DROP TABLE IF EXISTS `contract`;
/*!40101 SET @saved_cs_client     = @@character_set_client */;
/*!50503 SET character_set_client = utf8mb4 */;
CREATE TABLE `contract` (
  `contractId` int NOT NULL AUTO_INCREMENT,
  `created_at` date NOT NULL,
  `accepted` tinyint NOT NULL,
  `customerId` int NOT NULL,
  PRIMARY KEY (`contractId`),
  KEY `fk_contract_customer21_idx` (`customerId`),
  CONSTRAINT `fk_contract_customer21` FOREIGN KEY (`customerId`) REFERENCES `customer2` (`customerId`)
) ENGINE=InnoDB AUTO_INCREMENT=19 DEFAULT CHARSET=utf8mb3;
/*!40101 SET character_set_client = @saved_cs_client */;

--
-- Dumping data for table `contract`
--

LOCK TABLES `contract` WRITE;
/*!40000 ALTER TABLE `contract` DISABLE KEYS */;
INSERT INTO `contract` VALUES (1,'2022-05-22',0,1),(2,'2022-05-27',0,2),(3,'2022-06-24',0,3),(4,'2022-11-20',0,8),(5,'2022-11-20',0,8),(6,'2023-03-08',0,9),(7,'2023-03-08',0,10),(8,'2023-04-10',0,12),(9,'2023-05-13',0,14),(10,'2023-05-14',0,15),(11,'2023-05-14',0,14),(12,'2023-05-14',0,15),(13,'2023-07-20',0,12),(14,'2023-09-03',0,21),(15,'2023-09-03',0,22),(16,'2024-08-16',0,26),(17,'2025-06-17',0,30),(18,'2025-06-17',0,30);
/*!40000 ALTER TABLE `contract` ENABLE KEYS */;
UNLOCK TABLES;

--
-- Table structure for table `contract_position`
--

DROP TABLE IF EXISTS `contract_position`;
/*!40101 SET @saved_cs_client     = @@character_set_client */;
/*!50503 SET character_set_client = utf8mb4 */;
CREATE TABLE `contract_position` (
  `contractPositionId` int NOT NULL AUTO_INCREMENT,
  `amount` double NOT NULL,
  `contractId` int NOT NULL,
  `positionId` int NOT NULL,
  PRIMARY KEY (`contractPositionId`),
  KEY `fk_contract_position_contract1_idx` (`contractId`),
  KEY `fk_contract_position_postition1_idx` (`positionId`),
  CONSTRAINT `fk_contract_position_contract1` FOREIGN KEY (`contractId`) REFERENCES `contract` (`contractId`),
  CONSTRAINT `fk_contract_position_postition1` FOREIGN KEY (`positionId`) REFERENCES `position` (`positionId`)
) ENGINE=InnoDB AUTO_INCREMENT=115 DEFAULT CHARSET=utf8mb3;
/*!40101 SET character_set_client = @saved_cs_client */;

--
-- Dumping data for table `contract_position`
--

LOCK TABLES `contract_position` WRITE;
/*!40000 ALTER TABLE `contract_position` DISABLE KEYS */;
INSERT INTO `contract_position` VALUES (1,1,1,1),(2,207,2,15),(3,32,2,16),(4,5,2,17),(5,15,2,18),(6,50,2,19),(7,25,2,20),(8,1,2,21),(9,1,2,22),(10,7,2,23),(11,11,3,24),(12,1,4,59),(13,1,4,60),(14,1,4,61),(15,1,4,62),(16,1,4,63),(17,1,4,64),(18,1,4,65),(19,1,5,66),(20,1,5,67),(21,1,5,68),(22,9,6,71),(23,30,6,72),(24,20,6,73),(25,80,6,74),(26,12,6,75),(27,1,6,76),(28,3,6,77),(29,2,6,78),(30,2,6,79),(31,2,6,80),(32,25,6,81),(33,3,6,82),(34,60,6,83),(35,50,6,84),(36,1,6,85),(37,1,6,86),(38,1,6,87),(39,20,7,88),(40,350,7,89),(41,35,7,90),(42,40,7,91),(43,1,7,92),(44,1,7,93),(45,90,7,94),(46,1,7,95),(47,1,7,96),(48,90,7,97),(49,1,7,98),(50,1,7,99),(51,1,8,102),(53,1,8,104),(54,1,8,105),(55,90,9,127),(56,90,9,128),(57,1,9,129),(58,1,9,130),(59,1,9,131),(60,1,9,132),(63,1,10,135),(64,45,11,136),(74,1,9,146),(75,1,9,147),(76,1,9,148),(77,1,11,149),(78,1,11,150),(79,1,11,151),(80,1,11,152),(81,1,11,153),(82,1,11,154),(83,1,12,155),(84,1,13,165),(85,1,13,166),(86,1,13,167),(87,1,13,168),(88,1,13,169),(89,1,14,178),(90,1,14,179),(91,1,14,180),(92,0,14,181),(93,1,15,182),(94,16,15,183),(95,1,15,184),(96,1,15,185),(97,1,16,336),(98,1,16,337),(99,1,16,338),(107,1,16,346),(108,1,16,347),(109,1,16,348),(110,1,16,349),(111,0,16,350),(112,1,17,497),(113,1,18,498),(114,1,18,499);
/*!40000 ALTER TABLE `contract_position` ENABLE KEYS */;
UNLOCK TABLES;

--
-- Table structure for table `customer2`
--

DROP TABLE IF EXISTS `customer2`;
/*!40101 SET @saved_cs_client     = @@character_set_client */;
/*!50503 SET character_set_client = utf8mb4 */;
CREATE TABLE `customer2` (
  `customerId` int NOT NULL AUTO_INCREMENT,
  `firstname` varchar(45) NOT NULL,
  `surname` varchar(45) NOT NULL,
  `plz` int DEFAULT NULL,
  `city` varchar(45) DEFAULT NULL,
  `address` varchar(45) DEFAULT NULL,
  `nr` int DEFAULT NULL,
  `uid` varchar(45) DEFAULT NULL,
  PRIMARY KEY (`customerId`)
) ENGINE=InnoDB AUTO_INCREMENT=34 DEFAULT CHARSET=utf8mb3;
/*!40101 SET character_set_client = @saved_cs_client */;

--
-- Dumping data for table `customer2`
--

LOCK TABLES `customer2` WRITE;
/*!40000 ALTER TABLE `customer2` DISABLE KEYS */;
INSERT INTO `customer2` VALUES (1,'Eva','Muhr',9125,'Kühnsdorf ','Waldebene',42,NULL),(2,'Adelina und Martin','Lippitz',9433,'St.Andrä','Burgstall-St.Andrä',79,NULL),(3,'Franz','Pruntsch GmbH',9113,'Ruden','Obermitterdorf',7,'ATU69904213'),(4,'Christian','Komar',9125,'Kühnsdorf','St.Marxen',62,NULL),(5,'Christian','Berchthold',9155,'Neuhaus','Oberndorf',6,NULL),(6,'Firma','Alois Markolin GmbH',9064,'Krobathen','Görtschitztal Bundesstr.',1,'ATU 64448627'),(7,'Firma','Matschek Glas-Metall GmbH',9150,'Bleiburg','Schilterndorf',7,'ATU63671413'),(8,'Pier Leone','Parisi',31050,'Villorba/Trevisio','Via Pastro ',48,NULL),(9,'Felix ','Scheriau',9133,'Sittersdorf','Sagerberg',19,'532401 Betriebsnummer'),(10,'Sabine ','Karnitschar',9133,'Sitterdorf','Sonnegg',5,NULL),(11,'Frederika','Aiello',9122,'St. Kanzian','Gottaweg',2,NULL),(12,'Melanie','Pantner',9150,'Bleiburg','Ebersdorf ',67,NULL),(13,'Harald','Kanzian',9135,'Eisenkappel','Unterort ',10,NULL),(14,'Hermann ','Melchior',9150,'Bleiburg','Schilterndorf',29,NULL),(15,'Roland','Micelli',9150,'Bleiburg','Postgasse',3,NULL),(16,'Biowärme',' Bleiburg GmbH',9150,'Bleiburg','Gewerbezone ',6,NULL),(17,'Firma','MASSIVBAU-GesmbH',9065,'Ebenthal in Kärnten','Zeiss Straße ',3,'ATU25453407'),(18,'Bettina','Bojer',9463,'Reichenfels','Weitenbach',6,''),(19,'Bettina','Bojer',9463,'Reichenfels','Weitenbach',6,NULL),(20,'Harald','Schein',9142,'GLOBASNITZ','Jaunstein ',54,NULL),(21,'Witold ','Szymanski',9112,'Griffen','Erlachstrasse',60,NULL),(22,'Robert','Maitan',9125,'Kühnsdorf','Mittlern',1,NULL),(23,'Stefan','Chalupa',9210,'Pörtschach am Wörthersee','Spathwiesenweg',2,NULL),(24,'Petzen ','Bergbahnen GmbH',9143,'St.Michael ','Unterort ',52,'ATU47182604'),(25,'Bernhard','Boschitz',9125,'Kühnsdorf','Nord ',26,NULL),(26,'Werner','Drießler',9102,'Völkermarkt','Gattersdorf',22,NULL),(27,'Anton ','Prikerschnik',9125,'Kühnsdorf','Lerchenfeld ',12,NULL),(28,'Birgit ','Samitz',9141,'EBERNDORF','Buchhalm',15,NULL),(29,'Firma','taktbau GmbH',9065,'Ebenthal in Kärnten','Zeiss-Straße',3,'ATU72550134'),(30,'Wolfgang','Wallner',9125,'Kühnsdorf','St. Marxen ',94,NULL),(31,'Firma','Jauntaler Kies - GesmbH',9125,'EBERNDORF','Pribelsdorf',81,'ATU 57379919'),(32,'Firma','CHECK Handels GmbH',9130,'Poggersdorf','Marktstraße ',8,'ATU68219144'),(33,'Firma','Kostmann GesmbH',9433,'St.Andrä','Burgstall',44,'ATU 60838302');
/*!40000 ALTER TABLE `customer2` ENABLE KEYS */;
UNLOCK TABLES;

--
-- Table structure for table `invoice`
--

DROP TABLE IF EXISTS `invoice`;
/*!40101 SET @saved_cs_client     = @@character_set_client */;
/*!50503 SET character_set_client = utf8mb4 */;
CREATE TABLE `invoice` (
  `invoiceId` int NOT NULL AUTO_INCREMENT,
  `created_at` date NOT NULL,
  `customerId` int NOT NULL,
  `started_at` date NOT NULL,
  `finished_at` date NOT NULL,
  `deposit_amount` double NOT NULL,
  `deposit_paid_on` date NOT NULL,
  `type` char(1) NOT NULL,
  PRIMARY KEY (`invoiceId`),
  KEY `fk_contract_customer21_idx` (`customerId`),
  CONSTRAINT `fk_contract_customer210` FOREIGN KEY (`customerId`) REFERENCES `customer2` (`customerId`)
) ENGINE=InnoDB AUTO_INCREMENT=196 DEFAULT CHARSET=utf8mb3;
/*!40101 SET character_set_client = @saved_cs_client */;

--
-- Dumping data for table `invoice`
--

LOCK TABLES `invoice` WRITE;
/*!40000 ALTER TABLE `invoice` DISABLE KEYS */;
INSERT INTO `invoice` VALUES (1,'2022-05-27',1,'2022-04-27','2022-05-20',2000,'2022-04-25','D'),(2,'2022-06-24',3,'2022-06-20','2022-06-24',0,'2022-06-20','B'),(3,'2022-07-10',3,'2022-06-27','2022-06-30',0,'1111-11-11','B'),(4,'2022-07-11',3,'2022-07-01','2022-07-08',0,'1111-11-11','B'),(5,'2022-07-20',3,'2022-07-11','2022-07-15',0,'1111-11-11','B'),(6,'2022-07-26',3,'2022-07-18','2022-07-22',0,'1111-11-11','B'),(7,'2022-07-28',3,'2022-07-25','2022-07-28',0,'1111-11-11','B'),(8,'2022-08-06',4,'2022-08-01','2022-08-03',0,'1111-11-11','D'),(9,'2022-08-18',3,'2022-08-08','2022-08-12',0,'1111-11-11','B'),(10,'2022-08-28',5,'2022-08-26','2022-08-26',0,'1111-11-11','D'),(11,'2022-08-29',3,'2022-08-22','2022-08-26',0,'1111-11-11','B'),(12,'2022-09-05',3,'2022-08-29','2022-09-02',0,'1111-11-11','B'),(13,'2022-09-12',6,'2022-09-05','2022-09-09',0,'1111-11-11','B'),(14,'2022-09-19',6,'2022-09-12','2022-09-15',0,'1111-11-11','B'),(15,'2022-09-26',3,'2022-09-19','2022-09-23',0,'1111-11-11','B'),(16,'2022-10-03',3,'2022-09-26','2022-09-30',0,'1111-11-11','B'),(17,'2022-10-11',3,'2022-10-03','2022-10-07',0,'1111-11-11','B'),(18,'2022-10-17',7,'2022-10-07','2022-10-07',0,'1111-11-11','D'),(19,'2022-10-17',3,'2022-10-10','2022-10-14',0,'1111-11-11','B'),(20,'2022-10-17',7,'2022-10-14','2022-10-14',0,'1111-11-11','D'),(21,'2022-10-25',3,'2022-10-17','2022-10-21',0,'1111-11-11','B'),(22,'2022-11-01',3,'2022-10-24','2022-10-31',0,'1111-11-11','B'),(23,'2022-11-11',3,'2022-11-02','2022-11-11',0,'1111-11-11','B'),(24,'2022-11-21',6,'2022-11-14','2022-11-17',0,'1111-11-11','B'),(25,'2022-11-28',6,'2022-11-22','2022-11-25',0,'1111-11-11','B'),(26,'2023-04-04',11,'2023-04-03','2023-04-03',0,'1111-11-11','D'),(27,'2023-04-14',13,'2023-04-05','2023-04-14',0,'1111-11-11','D'),(28,'2023-04-24',13,'2023-04-05','2023-04-14',0,'1111-11-11','D'),(29,'2023-05-06',13,'2023-04-15','2023-04-28',0,'1111-11-11','D'),(30,'2023-05-09',13,'2023-04-18','2023-04-28',0,'1111-11-11','D'),(31,'2023-05-26',10,'2023-05-02','2023-05-26',0,'1111-11-11','D'),(32,'2023-06-16',10,'0023-05-30','2023-06-15',0,'1111-11-11','D'),(33,'2023-06-25',16,'2023-06-20','2023-06-23',0,'1111-11-11','D'),(34,'2023-07-06',10,'2023-05-30','2023-07-06',15000,'2023-06-16','D'),(35,'2023-07-10',16,'2023-07-03','2023-07-03',0,'1111-11-11','D'),(36,'2023-07-13',12,'2023-07-10','2023-07-12',0,'1111-11-11','D'),(37,'2023-08-14',17,'2023-08-07','2023-08-12',0,'1111-11-11','B'),(38,'2023-08-24',18,'2023-08-16','2023-08-22',0,'1111-11-11','D'),(39,'2023-08-24',18,'2023-08-16','2023-08-22',0,'1111-11-11','D'),(40,'2023-08-25',18,'2023-08-16','2023-08-22',0,'1111-11-11','D'),(41,'2023-08-31',19,'2023-08-30','2023-08-30',0,'1111-11-11','D'),(42,'2023-09-03',20,'2023-08-28','2023-08-31',0,'1111-11-11','D'),(43,'2023-09-11',17,'2023-09-04','2023-09-08',0,'1111-11-11','B'),(44,'2023-09-18',19,'2023-09-11','2023-09-15',0,'1111-11-11','D'),(45,'2023-09-27',17,'2023-09-22','2023-09-22',0,'1111-11-11','B'),(46,'2023-09-29',23,'2023-09-18','2023-09-20',0,'1111-11-11','D'),(47,'2023-09-29',17,'2023-09-25','2023-09-28',0,'1111-11-11','B'),(48,'2023-10-10',17,'2023-10-02','2023-10-04',0,'1111-11-11','B'),(49,'2023-10-17',17,'2023-10-09','2023-10-13',0,'1111-11-11','B'),(50,'2023-10-23',17,'2023-10-16','2023-10-17',0,'1111-11-11','B'),(51,'2023-10-23',17,'2023-10-18','2023-10-20',0,'1111-11-11','B'),(52,'2023-10-29',17,'2023-10-24','2023-10-25',0,'1111-11-11','B'),(53,'2023-11-06',17,'2023-10-30','2023-11-03',0,'1111-11-11','B'),(54,'2023-11-13',17,'2023-11-06','2023-11-09',0,'1111-11-11','B'),(55,'2023-11-20',17,'2023-11-13','2023-11-17',0,'1111-11-11','B'),(56,'2023-11-27',17,'2023-11-20','2023-11-23',0,'1111-11-11','B'),(57,'2023-12-04',17,'2023-11-27','2023-12-01',0,'1111-11-11','B'),(58,'2023-12-21',17,'2023-12-18','2023-12-19',0,'1111-11-11','B'),(59,'2024-01-14',17,'2024-01-08','2024-01-12',0,'1111-11-11','B'),(60,'2024-01-15',24,'2024-01-05','2024-01-12',0,'1111-11-11','D'),(61,'2024-01-21',17,'2024-01-15','2024-01-19',0,'1111-11-11','B'),(62,'2024-01-29',17,'2024-01-22','2024-01-26',0,'1111-11-11','B'),(63,'2024-02-03',17,'2024-01-29','2024-02-02',0,'1111-11-11','B'),(64,'2024-02-05',24,'2024-01-27','2024-02-03',0,'1111-11-11','D'),(65,'2024-02-12',17,'2024-02-05','2024-02-09',0,'1111-11-11','B'),(66,'2024-02-19',17,'2024-02-12','2024-02-16',0,'1111-11-11','B'),(67,'2024-02-26',17,'2024-02-19','2024-02-23',0,'1111-11-11','B'),(68,'2024-03-04',17,'2024-02-26','2024-03-02',0,'1111-11-11','B'),(69,'2024-03-11',17,'2024-03-04','2024-03-08',0,'1111-11-11','B'),(70,'2024-03-18',17,'2024-03-11','2024-03-15',0,'1111-11-11','B'),(71,'2024-03-25',17,'2024-03-18','2024-03-22',0,'1111-11-11','B'),(72,'2024-04-01',17,'2024-03-25','2024-03-29',0,'1111-11-11','B'),(73,'2024-04-04',17,'2024-03-05','2024-03-29',0,'1111-11-11','D'),(74,'2024-04-07',17,'2024-04-02','2024-04-05',0,'1111-11-11','B'),(75,'2024-04-16',17,'2024-04-08','2024-04-12',0,'1111-11-11','B'),(76,'2024-04-22',17,'2024-04-03','2024-04-05',0,'1111-11-11','D'),(77,'2024-04-22',17,'2024-04-15','2024-04-19',0,'1111-11-11','B'),(78,'2024-04-29',17,'2024-04-22','2024-04-26',0,'1111-11-11','B'),(79,'2024-05-05',17,'2024-04-06','2024-04-30',0,'1111-11-11','D'),(80,'2024-05-06',17,'2024-04-29','2024-05-03',0,'1111-11-11','B'),(81,'2024-05-13',17,'2024-05-06','2024-05-08',0,'1111-11-11','B'),(82,'2024-05-22',17,'2024-05-13','2024-05-16',0,'1111-11-11','B'),(83,'2024-05-27',24,'2024-05-20','2024-05-26',0,'1111-11-11','D'),(84,'2024-06-02',17,'2024-05-27','2024-05-29',0,'1111-11-11','B'),(85,'2024-06-02',17,'2024-05-16','2024-05-16',0,'1111-11-11','B'),(86,'2024-06-05',17,'2024-05-07','2024-05-29',0,'1111-11-11','D'),(87,'2024-06-10',17,'2024-06-04','2024-06-07',0,'1111-11-11','B'),(88,'2024-06-10',25,'2024-06-07','2024-06-07',0,'1111-11-11','D'),(89,'2024-06-13',17,'2024-06-12','2024-06-12',0,'1111-11-11','B'),(90,'2024-06-24',17,'2024-06-03','2024-06-10',0,'1111-11-11','B'),(91,'2024-06-24',17,'2024-06-17','2024-06-21',0,'1111-11-11','B'),(92,'2024-06-27',25,'2024-06-15','2024-06-24',0,'1111-11-11','D'),(93,'2024-07-01',17,'2024-06-24','2024-06-28',0,'1111-11-11','B'),(94,'2024-07-07',17,'2024-07-01','2024-07-05',0,'1111-11-11','B'),(95,'2024-07-07',17,'2024-07-30','2024-07-03',0,'1111-11-11','B'),(96,'2024-07-07',17,'2024-07-03','2024-07-05',0,'1111-11-11','B'),(97,'2024-07-07',17,'2024-06-04','2024-06-29',0,'1111-11-11','D'),(98,'2024-07-16',17,'2024-07-08','2024-07-12',0,'1111-11-11','B'),(99,'2024-07-22',17,'2024-07-15','2024-07-19',0,'1111-11-11','B'),(100,'2024-07-30',17,'2024-07-22','2024-07-26',0,'1111-11-11','B'),(101,'2024-08-05',17,'2024-07-08','2024-07-08',0,'1111-11-11','B'),(102,'2024-08-05',17,'2024-07-29','2024-08-02',0,'1111-11-11','B'),(103,'2024-08-06',17,'0024-07-04','2024-07-30',0,'1111-11-11','D'),(104,'2024-08-12',17,'2024-08-05','2024-08-08',0,'1111-11-11','B'),(105,'2024-08-26',17,'2024-08-19','2024-08-20',0,'1111-11-11','B'),(106,'2024-08-30',27,'2024-08-21','2024-08-30',0,'1111-11-11','D'),(107,'2024-09-01',17,'2024-08-26','2024-08-28',0,'1111-11-11','B'),(108,'2024-09-01',17,'2024-08-29','2024-08-30',0,'1111-11-11','B'),(109,'2024-09-05',17,'2025-08-05','2024-08-30',0,'1111-11-11','D'),(110,'2024-09-09',17,'2024-09-02','2024-09-04',0,'1111-11-11','B'),(111,'2024-09-09',17,'2024-09-05','2024-09-06',0,'1111-11-11','B'),(112,'2024-09-16',17,'0024-09-09','2024-09-11',0,'1111-11-11','B'),(113,'2024-09-18',28,'2024-09-17','2024-09-18',0,'1111-11-11','D'),(114,'2024-10-20',29,'2024-09-11','2024-09-16',0,'1111-11-11','B'),(115,'2024-09-22',17,'2024-09-19','2024-09-20',0,'1111-11-11','B'),(116,'2024-09-30',17,'2024-09-23','2024-09-26',0,'1111-11-11','B'),(117,'2024-10-07',17,'2024-09-04','2024-09-22',0,'1111-11-11','D'),(118,'2024-10-15',26,'2024-09-30','2024-10-08',0,'1111-11-11','D'),(119,'2024-10-20',17,'2024-10-09','2024-10-18',0,'1111-11-11','B'),(120,'2024-10-29',17,'2024-10-21','2024-10-23',0,'1111-11-11','B'),(121,'2024-10-29',17,'2024-10-24','2024-10-25',0,'1111-11-11','B'),(122,'2024-11-03',17,'2024-10-28','2024-10-31',0,'1111-11-11','B'),(123,'2024-11-04',29,'2024-10-30','2024-10-30',0,'1111-11-11','B'),(124,'2024-11-10',17,'2024-10-08','2024-10-30',0,'1111-11-11','D'),(125,'2024-11-10',17,'2024-11-04','2024-11-07',0,'1111-11-11','B'),(126,'2024-11-18',17,'2024-11-11','2024-11-14',0,'1111-11-11','B'),(127,'2024-11-25',17,'2024-11-18','2024-11-21',0,'1111-11-11','B'),(128,'2024-12-01',17,'2024-11-25','2024-11-28',0,'1111-11-11','B'),(129,'2024-12-08',17,'2024-11-05','2024-11-29',0,'1111-11-11','D'),(130,'2024-12-08',17,'2024-12-02','2024-12-05',0,'1111-11-11','B'),(131,'2024-12-16',17,'2024-12-09','2024-12-13',0,'1111-11-11','B'),(132,'2024-12-20',17,'2024-12-16','2024-12-19',0,'1111-11-11','B'),(133,'2025-01-06',17,'2024-12-01','2024-12-20',0,'1111-11-11','D'),(134,'2025-01-06',24,'2024-12-22','2024-12-26',0,'1111-11-11','D'),(135,'2025-01-12',17,'2025-01-07','2025-01-10',0,'1111-11-11','B'),(136,'2025-01-19',24,'2025-01-18','2025-01-18',0,'1111-11-11','D'),(137,'2025-01-19',17,'2025-01-13','2025-01-17',0,'1111-11-11','B'),(138,'2025-01-26',17,'2025-01-20','2025-01-24',0,'1111-11-11','B'),(139,'2025-02-02',17,'2025-01-20','2025-01-24',0,'1111-11-11','B'),(140,'2025-02-02',24,'2025-02-01','2025-02-01',0,'1111-11-11','D'),(141,'2025-02-10',17,'2025-02-03','2025-02-07',0,'1111-11-11','B'),(142,'2025-02-10',17,'2025-01-14','2025-01-28',0,'1111-11-11','D'),(143,'2025-02-16',17,'2025-02-10','2025-02-14',0,'1111-11-11','B'),(144,'2025-02-24',17,'2024-02-17','2024-02-21',0,'1111-11-11','B'),(145,'2025-03-03',17,'2025-02-24','2025-02-27',0,'1111-11-11','B'),(146,'2025-03-10',24,'2025-03-08','2025-03-08',0,'1111-11-11','D'),(147,'2025-03-10',17,'2025-03-03','2025-03-06',0,'1111-11-11','B'),(148,'2025-03-10',17,'2025-02-06','2025-02-26',0,'1111-11-11','D'),(149,'2025-03-16',17,'2025-03-10','2025-03-13',0,'1111-11-11','B'),(150,'2025-03-18',17,'2025-03-14','2025-03-14',0,'1111-11-11','B'),(151,'2025-03-23',17,'2025-03-17','2025-03-21',0,'1111-11-11','B'),(152,'2025-03-30',17,'2025-03-24','2025-03-27',0,'1111-11-11','B'),(153,'2025-04-07',17,'2025-03-31','2025-04-02',0,'1111-11-11','B'),(154,'2025-04-07',17,'2025-03-02','2025-03-27',0,'1111-11-11','D'),(155,'2025-04-13',17,'2025-04-07','2025-04-11',0,'1111-11-11','B'),(156,'2025-04-21',17,'2025-04-14','2025-04-18',0,'1111-11-11','B'),(157,'2025-04-27',17,'2025-04-22','2025-04-25',0,'1111-11-11','B'),(158,'2025-05-05',17,'2025-04-28','2025-04-30',0,'1111-11-11','B'),(159,'2025-05-05',17,'2025-04-04','2025-04-30',0,'1111-11-11','D'),(160,'2025-05-11',17,'2025-05-05','2025-05-09',0,'1111-11-11','B'),(161,'2025-05-18',17,'2025-05-12','2025-05-16',0,'1111-11-11','B'),(162,'2025-05-25',24,'2025-05-18','2025-05-24',0,'1111-11-11','D'),(163,'2025-05-25',17,'2025-05-19','2025-05-23',0,'1111-11-11','B'),(164,'2025-06-03',17,'2025-05-26','2025-05-28',0,'1111-11-11','B'),(165,'2025-06-09',17,'2025-06-02','2025-06-06',0,'1111-11-11','B'),(166,'2025-06-09',17,'2025-05-06','2025-05-28',0,'1111-11-11','D'),(167,'2025-06-16',17,'2025-06-10','2025-06-13',0,'1111-11-11','B'),(168,'2025-06-22',24,'2025-06-20','2025-06-20',0,'1111-11-11','D'),(169,'2025-06-22',17,'2025-06-16','2025-06-18',0,'1111-11-11','B'),(170,'2025-06-30',17,'2025-06-23','2025-06-26',0,'1111-11-11','B'),(171,'2025-07-06',17,'2025-06-03','2025-06-24',0,'1111-11-11','D'),(172,'2025-07-06',17,'2025-06-30','2025-07-04',0,'1111-11-11','B'),(173,'2025-07-07',31,'2025-06-28','2025-07-04',0,'1111-11-11','D'),(174,'2025-07-14',31,'2025-07-07','2025-07-11',0,'1111-11-11','D'),(175,'2025-07-15',24,'2025-07-13','2025-07-13',0,'1111-11-11','D'),(176,'2025-07-20',31,'2025-07-14','2025-07-18',0,'1111-11-11','D'),(177,'2025-07-27',17,'2025-07-21','2025-07-25',0,'1111-11-11','B'),(178,'2025-07-28',32,'2025-07-28','2025-07-28',0,'1111-11-11','D'),(179,'2025-08-03',17,'2025-07-28','2025-08-01',0,'1111-11-11','B'),(180,'2025-08-10',17,'2025-08-04','2025-08-07',0,'1111-11-11','B'),(181,'2025-08-10',17,'2025-07-03','2025-07-27',0,'1111-11-11','D'),(182,'2025-08-17',17,'2025-08-11','2025-08-14',0,'1111-11-11','B'),(183,'2025-08-25',33,'2025-08-15','2025-08-20',0,'1111-11-11','B'),(184,'2025-08-24',31,'2025-08-21','2025-08-22',0,'1111-11-11','D'),(185,'2025-09-02',17,'2025-08-25','2025-08-27',0,'1111-11-11','B'),(186,'2025-09-07',17,'2025-09-01','2025-09-03',0,'1111-11-11','B'),(187,'2025-09-07',17,'2025-09-04','2025-09-04',0,'1111-11-11','B'),(188,'2025-09-07',17,'2025-08-03','2025-08-24',0,'1111-11-11','D'),(189,'2025-09-14',17,'2025-09-08','2025-09-12',0,'1111-11-11','B'),(190,'2025-09-21',17,'2025-09-15','2025-09-19',0,'1111-11-11','B'),(191,'2025-09-29',17,'2025-09-22','2025-09-26',0,'1111-11-11','B'),(192,'2025-10-05',17,'2025-09-01','2025-09-19',0,'1111-11-11','D'),(193,'2025-10-05',17,'2025-09-29','2025-10-03',0,'1111-11-11','B'),(194,'2025-10-12',17,'2025-10-06','2025-10-10',0,'1111-11-11','B'),(195,'2025-10-19',17,'2025-10-13','2025-10-17',0,'1111-11-11','B');
/*!40000 ALTER TABLE `invoice` ENABLE KEYS */;
UNLOCK TABLES;

--
-- Table structure for table `invoice_position`
--

DROP TABLE IF EXISTS `invoice_position`;
/*!40101 SET @saved_cs_client     = @@character_set_client */;
/*!50503 SET character_set_client = utf8mb4 */;
CREATE TABLE `invoice_position` (
  `invoicePositionId` int NOT NULL AUTO_INCREMENT,
  `amount` double NOT NULL,
  `positionId` int NOT NULL,
  `invoiceId` int NOT NULL,
  PRIMARY KEY (`invoicePositionId`),
  KEY `fk_contract_position_postition1_idx` (`positionId`),
  KEY `fk_invoice_position_invoice1_idx` (`invoiceId`),
  CONSTRAINT `fk_contract_position_postition10` FOREIGN KEY (`positionId`) REFERENCES `position` (`positionId`),
  CONSTRAINT `fk_invoice_position_invoice1` FOREIGN KEY (`invoiceId`) REFERENCES `invoice` (`invoiceId`) ON DELETE CASCADE ON UPDATE CASCADE
) ENGINE=InnoDB AUTO_INCREMENT=411 DEFAULT CHARSET=utf8mb3;
/*!40101 SET character_set_client = @saved_cs_client */;

--
-- Dumping data for table `invoice_position`
--

LOCK TABLES `invoice_position` WRITE;
/*!40000 ALTER TABLE `invoice_position` DISABLE KEYS */;
INSERT INTO `invoice_position` VALUES (1,90,2,1),(2,1,3,1),(3,5,4,1),(4,59,5,1),(5,17,6,1),(6,8,7,1),(7,1,8,1),(8,2,9,1),(9,7,10,1),(10,1,11,1),(11,1,12,1),(12,7,13,1),(13,1,14,1),(14,43,25,2),(15,36.5,28,3),(16,52,29,4),(17,25,30,5),(18,44,31,6),(19,37.5,32,7),(20,3,33,8),(21,5,34,8),(22,25,35,8),(23,1,36,8),(24,45.5,37,9),(25,1,38,10),(26,1,39,10),(27,6.5,40,10),(28,32.5,41,11),(29,40.5,42,12),(30,38,43,13),(31,35,44,14),(32,42,45,15),(33,38.5,46,16),(34,47,47,17),(35,5,48,18),(36,1,49,18),(37,45,50,19),(38,3.5,53,20),(39,1,54,20),(40,47.5,56,21),(41,45.5,57,22),(42,50,58,23),(43,34.5,69,24),(44,34,70,25),(45,10,101,26),(46,20,111,27),(47,13,112,27),(48,6,113,27),(49,1,114,27),(51,1,117,28),(52,1,118,28),(53,1,119,28),(54,25,120,29),(55,13,121,29),(56,12,122,29),(57,1,123,29),(58,1,124,30),(59,1,125,30),(60,1,126,30),(61,1,156,31),(62,1,157,32),(63,29.5,158,33),(64,1,159,33),(65,1,160,34),(66,1,161,34),(67,3,162,35),(69,1,164,36),(70,50,170,37),(71,2,171,37),(72,28,172,40),(73,5,173,41),(74,2,174,41),(75,1,175,42),(76,7.5,176,42),(77,1,177,42),(78,47,186,43),(79,2,187,43),(80,48,188,44),(81,10,189,44),(82,6,190,45),(83,2,191,45),(84,26.5,192,46),(85,26.5,193,46),(86,1,194,46),(87,1,195,46),(88,1,196,46),(89,1,197,46),(90,1,198,46),(91,1,199,46),(92,39,200,47),(93,2,201,47),(94,30,202,48),(95,6,203,48),(96,48,204,49),(97,10,205,49),(98,20.5,206,50),(99,4,207,50),(100,25.5,208,51),(101,6,209,51),(102,20,210,52),(103,4,211,52),(104,33,216,53),(105,2,217,53),(106,35.5,218,54),(107,2,219,54),(108,34,220,55),(109,2,221,55),(110,35,222,56),(111,2,223,56),(112,35.5,224,57),(113,2,225,57),(114,14,226,58),(115,4,227,58),(116,41.5,228,59),(117,10,229,59),(118,19,231,60),(119,37,232,61),(120,10,233,61),(121,45.5,234,62),(122,10,235,62),(123,45,236,63),(124,10,237,63),(125,11,240,64),(126,0.5,241,64),(127,41.5,242,65),(128,10,243,65),(129,46.5,244,66),(130,10,245,66),(131,44,246,67),(132,10,247,67),(133,50,248,68),(134,12,249,68),(135,47,250,69),(136,10,251,69),(137,33,252,70),(138,8,253,70),(139,47.5,254,71),(140,10,255,71),(141,1,256,72),(142,30,257,72),(143,8,258,72),(144,2,259,72),(145,7,260,72),(146,1,262,73),(147,34.5,263,74),(148,8,264,74),(149,40,265,75),(150,1,266,75),(151,8,267,75),(152,3,268,76),(153,25,269,77),(154,21,270,77),(155,1,271,77),(156,9,272,77),(157,42.5,273,78),(158,10,274,78),(159,1,276,79),(160,34.5,277,80),(161,8,278,80),(162,26,279,81),(163,6,280,81),(164,16,281,82),(165,12.5,282,82),(166,1,283,82),(167,2,284,82),(168,6,285,82),(169,29,287,83),(170,30,288,84),(171,6,289,84),(172,7,290,85),(173,2,291,85),(174,1,293,86),(175,35,294,87),(176,8,295,87),(177,1,296,88),(178,1,297,88),(179,1,298,88),(180,4,299,89),(181,2,300,89),(182,6,301,90),(183,4,302,90),(184,34.5,303,91),(185,8,304,91),(186,10,305,92),(187,75,306,92),(188,9,307,92),(189,15,308,92),(190,1,309,92),(191,1,310,92),(192,44,311,93),(193,10,312,93),(194,30,313,94),(195,8,314,94),(196,3,315,95),(197,2,316,95),(198,8,317,96),(199,1,320,97),(200,1,321,97),(201,43,322,98),(202,10,323,98),(203,33,324,99),(204,10,325,99),(205,40,326,100),(206,10,327,100),(207,3,328,101),(208,1,329,101),(209,40,330,102),(210,10,331,102),(211,1,333,103),(212,33,334,104),(213,8,335,104),(214,13,351,105),(215,1,352,105),(216,1,353,105),(217,1,354,106),(218,3,355,106),(219,18.5,356,106),(220,1,357,106),(221,20,358,107),(222,6,359,107),(223,15,360,108),(224,4,361,108),(225,1,364,109),(226,20.5,365,110),(227,6,366,110),(228,10,367,111),(229,4,368,111),(230,13.5,369,112),(231,6,370,112),(232,14,371,113),(233,1,372,113),(234,4,373,114),(235,18.5,374,114),(236,1,375,114),(237,1,376,114),(239,14,378,115),(240,4,379,115),(241,28,380,116),(242,8,381,116),(243,1,383,117),(244,1,384,118),(245,1,385,118),(246,1,386,118),(247,21,387,118),(248,1,388,118),(249,4,389,118),(250,1,390,118),(251,11.5,391,119),(252,48.5,392,119),(253,14,393,119),(254,24,394,120),(255,1,395,120),(256,20.5,398,121),(257,4,399,121),(258,20,400,122),(259,6,401,122),(263,5,405,123),(264,1,406,123),(265,1,407,124),(266,21,408,125),(267,6,409,125),(268,9,410,125),(269,2,411,125),(270,36,412,126),(271,8,413,126),(272,20,414,127),(273,8,415,127),(274,19,416,128),(275,8,417,128),(276,1,419,129),(277,22,420,130),(278,5,421,130),(279,8,422,130),(280,44.5,423,131),(281,10,424,131),(282,30.5,425,132),(283,8,426,132),(284,1,427,133),(285,29.5,428,134),(286,27,429,135),(287,8,430,135),(288,8.5,431,136),(289,46.5,432,137),(290,10,433,137),(291,46.5,434,138),(292,10,435,138),(293,40,436,139),(294,10,437,139),(295,10.5,438,140),(296,46,443,141),(297,10,444,141),(298,1,445,142),(299,42,446,143),(300,10,447,143),(301,39,448,144),(302,6,449,144),(303,1,450,144),(304,8,451,144),(305,35,452,145),(306,8,453,145),(307,9.5,455,146),(308,41,456,147),(309,8,457,147),(310,1,458,148),(311,43.5,459,149),(312,8,460,149),(313,5,461,150),(314,1,462,150),(315,1,463,150),(316,52,464,151),(317,10,465,151),(318,45.5,466,152),(319,8,467,152),(320,34.5,468,153),(321,6,469,153),(322,1,470,154),(323,47.5,471,155),(324,10,472,155),(325,52.5,473,156),(326,10,474,156),(327,37,475,157),(328,8,476,157),(329,30.5,477,158),(330,6,478,158),(331,1,479,159),(332,49,480,160),(333,10,481,160),(334,49,482,161),(335,10,483,161),(336,0,484,162),(337,19,485,162),(338,9.5,486,162),(339,43.5,487,163),(340,10,488,163),(341,34,489,164),(342,6,490,164),(343,54,491,165),(344,10,492,165),(345,1,494,166),(346,36.5,495,167),(347,8,496,167),(348,3.5,500,168),(349,26.5,501,169),(350,6,502,169),(351,41,503,170),(352,8,504,170),(353,1,505,171),(354,49,506,172),(355,10,507,172),(356,23,508,173),(357,43.5,510,174),(358,9.5,511,175),(359,48.5,512,176),(360,47,513,177),(361,4,514,177),(362,1,515,178),(363,44.5,516,179),(364,6,517,179),(365,28,518,180),(366,9,519,180),(367,1,520,181),(368,37.5,521,182),(369,5,522,182),(377,16,530,184),(378,6,531,183),(379,6,532,183),(380,6,533,183),(381,2,534,183),(382,11.5,535,183),(383,11.5,536,183),(384,7.5,537,183),(385,46,538,183),(386,30,539,183),(387,29,540,185),(388,6,541,185),(389,35,542,186),(390,1,543,186),(391,2,544,186),(392,1,545,186),(393,10,546,187),(394,2,547,187),(395,1,548,188),(396,41.5,549,189),(397,10,550,189),(398,49.5,551,190),(399,10,552,190),(400,46.5,553,191),(401,10,554,191),(402,1,555,192),(403,50,556,193),(404,10,557,193),(405,31,558,194),(406,6,559,194),(407,20,560,194),(408,2,561,194),(409,53,562,195),(410,10,563,195);
/*!40000 ALTER TABLE `invoice_position` ENABLE KEYS */;
UNLOCK TABLES;

--
-- Table structure for table `position`
--

DROP TABLE IF EXISTS `position`;
/*!40101 SET @saved_cs_client     = @@character_set_client */;
/*!50503 SET character_set_client = utf8mb4 */;
CREATE TABLE `position` (
  `positionId` int NOT NULL AUTO_INCREMENT,
  `text` varchar(255) NOT NULL,
  `price` double NOT NULL,
  `unit` varchar(45) NOT NULL,
  PRIMARY KEY (`positionId`)
) ENGINE=InnoDB AUTO_INCREMENT=564 DEFAULT CHARSET=utf8mb3;
/*!40101 SET character_set_client = @saved_cs_client */;

--
-- Dumping data for table `position`
--

LOCK TABLES `position` WRITE;
/*!40000 ALTER TABLE `position` DISABLE KEYS */;
INSERT INTO `position` VALUES (1,'XXX',20,'Pauschal'),(2,'Randleiste',2.4,'lfm'),(3,'Magerbeton (7m³) ',805,'Pauschal'),(4,'Rasensamen',22,'Stück'),(5,'Humus gesiebt',32,'m³'),(6,'Kies 16-22 (32) gewaschen',11,'Tonnen'),(7,'Kramerlader ',210,'Tage'),(8,'Anhänger (für Kramerlader)',90,'Pauschal'),(9,'Rasenwalze',40,'Tage'),(10,'Kettenbagger 4,5t',240,'Tage'),(11,'Anfahrt/Abfahrt Kettenbagger',250,'Pauschal'),(12,'Arbeit ',2227,'Pauschal'),(13,'Traktorstunden ',75,'Stunden'),(14,'Werkzeug/Kleinmaterial',70,'Pauschal'),(15,'Frostkoffer 16/32 Körnung 115m³',7.5,'Tonnen'),(16,'Kies 32-70 RS gewaschen 20m³',6.9,'Tonnen'),(17,'Kies 16-22 3m³',9.2,'Tonnen'),(18,'Kabelsand ',10.4,'Tonnen'),(19,'Baggerstunden 10t',77,'Stunden'),(20,'Baggerstunden 4.5t',62,'Stunden'),(21,'Anfahrt /Abfahrt ',400,'Pauschal'),(22,'LKW Fuhre ',85,'Stunde'),(23,'Traktor ',75,'Stunden'),(24,'stunden',3,'m³'),(25,'Baggerarbeit (Griffen Fernwärme)',27,'Stunden'),(26,'Baggerarbeit (Griffen Fernwärme)',27,'Stunden'),(27,'Baggerarbeit (Griffen Fernwärme)',27,'Stunden'),(28,'Baggerarbeit (Griffen Fernwärme)',27,'Stunden'),(29,'Baggerarbeit(BV Hutter - Zweikirchen/Griffen Energie)',27,'Stunden'),(30,'Baggerarbeiten (Griffen Energie/Fernwärme)',27,'Stunden'),(31,'Baggerarbeiten(Fernwärme Griffen)',27,'Stunden'),(32,'Baggerarbeit( Fernwärme Griffen)',27,'Stunden'),(33,'Baggermiete ',190,'Tage'),(34,'Traktor',100,'Stunden'),(35,'Baggerarbeit',35,'Stunden'),(36,'Anfahrt Abfahrt Bagger',100,'Pauschal'),(37,'Baggerarbeit (Griffen Fernwärme)',27,'Stunden'),(38,'Anfahrt /Abfahrt Bagger',100,'Pauschal'),(39,'Baggermiete',140,'Tage'),(40,'Baggerarbeiten',35,'Stunden'),(41,'Baggerarbeiten(Fernwärme Griffen / Kubota)',27,'Stunden'),(42,'Baggerarbeiten(Fernwärme-Kubota/Griffen Energie/Walzentransport)',27,'Stunden'),(43,'Baggerarbeiten',31,'Stunden'),(44,'Baggerarbeit ',31,'Stunden'),(45,'Baggerarbeiten(Fernwärme Griffen und Szymanski Claudia)',31,'Stunden'),(46,'Baggerarbeiten LS 949271',31,'Stunden'),(47,'Baggerarbeiten(LS 949272) Abriss Porsche/Griffen Energie',31,'Stunden'),(48,'Bagger und Arbeit (Feinplanie)',65,'Stunden'),(49,'An/Abfahrt Bagger',150,'Pauschal'),(50,'Baggerarbeiten(LS 949273)',31,'Stunden'),(51,'Bagger und Arbeit (Feinplanie)',65,'Stunden'),(52,'An/Abfahrt Bagger',150,'Pauschal'),(53,'Bagger und Arbeit(Feinplanie)',65,'Stunden'),(54,'An/Abfahrt Bagger',150,'Pauschal'),(55,'Baggerarbeiten (LS 949274)',31,'Stunde'),(56,'Baggerarbeiten (LS 949274)',31,'Stunde'),(57,'Baggerarbeiten LS 949275 ',31,'Stunden'),(58,'Baggerarbeit LS 949276 ',31,'Stunden'),(59,'Planung Abriss und Voruntersuchung',1500,'Pauschal'),(60,'Vorarbeiten nach tatsächlichen Aufwand (innen keine Besichtigungsmöglichkeit)',4200,'Pauschal'),(61,'Abbrucharbeiten ',12700,'Pauschal'),(62,'Erdarbeiten Bagger/Planierungen ',5200,'Pauschal'),(63,'Entsorgung Bauschutt',3500,'Pauschal'),(64,'Restliche Entsorgung mit tasächlichem Aufwand',3000,'Pauschal'),(65,'Entsorgung erfolgt durch Fa Pruntsch und Fa Gojer',0,'Pauschal'),(66,'Entrümpeln variabel nach tatsächlicher Aufwand (innen keine Besichtigungsmöglichkeit)',3500,'Pauschal'),(67,'Entsorgung variabel nach Material',3000,'Pauschal'),(68,'Baggerarbeiten /Planie ',2200,'Pauschal'),(69,'Baggerarbeiten LS 949277',31,'Stunden'),(70,'Baggerarbeiten LS 949278 ',31,'Stunden'),(71,'AQ 60 ',120.83,'Stück'),(72,'Betonrippenstahl 0.8mm',4.58,'Stück'),(73,'Unterlegsleisten ',1.5,'Stück'),(74,'Bügel',1,'Stück'),(75,'Beton ',86,'m³'),(76,'Beton Nebenkosten laut Lieferant',100,'Pauschal'),(77,'Pumpe 2-3mal je nach Bedarf',140,'Stück'),(78,'Kanalrohr PVC 110x5m ',170.75,'Stück'),(79,'Kanalrohr PVC 110X3m ',113.4,'Stück'),(80,'Kanalrohr PVC 110x2m',78.8,'Stück'),(81,'Frostkoffer 0-16  10bis 15 Tonnen je nach Bedarf',6.5,'Tonnen'),(82,'Traktorfuhre je nach Bedarf',85,'Stunden'),(83,'Arbeitsleistung nach Bedarf',35,'Stunden'),(84,'Schalung ca 40 bis 50 lfm',10,'lfm'),(85,'Bogen PVC je nach Bedarf 4-5 Stk',9,'Stück'),(86,'Kleinmaterial/Werkzeug',70,'Pauschal'),(87,'Bodenablauf laut Felix',1,'Stück'),(88,'AQ 50 ',87.67,'Stück'),(89,'Bügel',1.2,'Stück'),(90,'Rundstahl',4.58,'Stück'),(91,'Beton C25/30',86,'m³'),(92,'Nebenkosten laut Lieferant ',100,'Pauschal'),(93,'Pumpe je nach Bedarf ',140,'Stück'),(94,'Arbeitsleistung Helfer ca ',25,'Stunden'),(95,'Anfahrt Abfahrt Bagger ',150,'Pauschal'),(96,'Baggerstunden nach Aufwand',27,'Stunden'),(97,'Arbeitsleistung nach Aufwand ',35,'Stunden'),(98,'Humus nach Bedarf',30,'m³'),(99,'Schaltafeln Schrauben Nägel Kleinzeug Pfosten Kantholz Bretter',900,'Pauschal'),(100,'Baggerarbeiten',35,'Stunden'),(101,'Baggerarbeiten',35,'Stunden'),(102,'Teich Ausheben und Tujen entsorgen ',3300,'Pauschal'),(104,'inkl. Anfahrt/Abfahrt, Bagger TB 250, Baggerarbeiten, Tumper, Arbeitsleistung 2 Mann, Entsorgung',1,'Pauschal'),(105,'exkl. Traktor Stunde nach Bedarf je',85,'Stunden'),(106,'Baggerarbeiten',35,'Stunden'),(107,'Traktorstunden mit Kipper',85,'Stunden'),(108,'Bagger ',30,'Stunden'),(109,'Anfahrt',150,'Pauschal'),(110,'Tanken Diesel',165,'Pauschal'),(111,'Baggerarbeiten und diverse Arbeiten',35,'Stunden'),(112,'Traktorstunden mit Kipper',85,'Stunden'),(113,'Bagger ',30,'Stunden'),(114,'Anfahrt',150,'Pauschal'),(116,'Diverse Baumateriel',3780,'Pauschal'),(117,'Diverses Baumaterial lt Rg 2302029 vom 15. 04.2023 Zadruga Bleiburg',3015,'Pauschal'),(118,'Rüttler Tagesmiete',45.83,'Pauschal'),(119,'Kies 16-32 mm gewaschen und Wandschotter 0.63mm lt Rg 050/2023 ',494.17,'Pauschal'),(120,'Baggerarbeiten und Diverse Arbeiten',35,'Stunden'),(121,'Bagger',30,'Stunden'),(122,'Traktor',90,'Stunden'),(123,'Abfahrt',150,'Pauschal'),(124,'Diveres Baumaterial Zadruga LS 202304279,202304381,202304461,202304703,202304934 und 202304950 ',833.3,'Pauschal'),(125,'Betonschotter 11,75t vom 24.04.2023',120,'Pauschal'),(126,'Wegschotter 9,35t vom 26.04.2023',110,'Pauschal'),(127,'Baggerstunden 5t mit Mann ',62,'Stunden'),(128,'Arbeiter ',30,'Stunden'),(129,'Baggerstunden 15t mit Mann 5 Tage',1700,'Pauschal'),(130,'Anfahrt/Abfahrt 5t Bagger',300,'Pauschal'),(131,'Anfahrt/Abfahrt 15 t Bagger',500,'Pauschal'),(132,'Tank für Bagger 5t',200,'Pauschal'),(135,'Gesamte Baggerarbeiten /Arbeitsleistung An/Abfahrt lt Besichtigung und Besprechung am 7.5. Mai 2023',13365,'Pauschal'),(136,'Baggerstunden 5t mit Mann ',62,'Stunden'),(146,'Tank für Bagger 15t',300,'Pauschal'),(147,'Traktor laut Aufwand je ',85,'Stunden'),(148,'zuzüglich 15%',2000,'Pauschal'),(149,'Baggerstunden 15t mit Mann 5 Tage',1900,'Pauschal'),(150,'Anfahrt/Abfahrt 5t',300,'Pauschal'),(151,'Anfahrt /Abfahrt Bagger 15t',500,'Pauschal'),(152,'Tank für Bagger 5t',200,'Pauschal'),(153,'Tank für Bagger 15t',500,'Pauschal'),(154,'Traktor nach Aufwand ',85,'Stunden'),(155,'Gesamte Baggerarbeiten / Arbeitsleistung  An/Abfahrt lt Besichtigung und Besprechung am 7.5. 2023  ',6275,'Pauschal'),(156,'Zweite Teilzahlung für Angebot vom 01.05.2023 für bereits geleistete Arbeit, Maschinen und Material',4166.67,'Pauschal'),(157,'Dritte Teilzahlung laut Angebot vom 01.05.2023 für bereits geleistete Arbeit, Maschinen und Material',4166.67,'Pauschal'),(158,'Baggerarbeiten  TB 250 ',60,'Stunden'),(159,'An/Abfahrt',350,'Pauschal'),(160,'Endabrechnung nach Fertigstellung laut Pauschale lt Angebot vom 01.05.2023 ',21666.67,'Pauschal'),(161,'Baggerarbeiten An/Abfahrt Div Arbeiten Feinplanie und Entsorgung von Erdmaterial',0,'Pauschal'),(162,'Baggerarbeiten TB250',60,'Stunden'),(164,'Anfahrt/Abfahrt Bagger Baggerarbeiten ',1666.67,'Pauschal'),(165,'Lader ',173.34,'Tage'),(166,'oder Dumper',195.5,'Tage'),(167,'An/Abfahrt Lader oder Dumper ',200,'Pauschal'),(168,'Bagerstunden und Mann ',50,'Stunden'),(169,'An/Abfahrt Bagger ',200,'Pauschal'),(170,'Baggerarbeiten Mobil 320 RN: INSB A1 Wangauer Ache',35,'Stunden'),(171,'An/Abfahrt ',35,'Stunden'),(172,'BVH Neubau Wirtschaftsgebäude : Hebearbeiten Bagger für Betonbau',35,'Stunden'),(173,'BVH: Neubau Wirtschaftsgebäude Baggerarbeiten für Kanal/Abwasser ',35,'Stunden'),(174,'An/Abfahrt',35,'Stunden'),(175,'BVH: Erdwärme Neubau Bagger und Walze',375,'Pauschal'),(176,'Baggerarbeiten',35,'Stunden'),(177,'An/Abfahrt Bagger und Walze',400,'Pauschal'),(178,'Bagger inkl Fahrer gerechnet mit ca 25 Std =1550 +20% MWST =1860€',62,'Stunden'),(179,'Temper Tagesmiete gerechnet 3Tage 450+20%MWST = 540 €',150,'Tage'),(180,'Anfahrt/Abfahrt ',500,'Pauschal'),(181,'Abrechnung erfolgt nach tatsächlichem Aufwand',0,'0'),(182,'Entsorgung Beton inkl Fuhr ca (Abrechnung nach tatsächlicher Abrechnung)',550,'Pauschal'),(183,'Bagger inkl Fahrer gerechnet mit  2 Tage x 8 Std =16X50 ',50,'Stunden'),(184,'Meisel bei Bedarf inkl Zustellung 1 Tag',200,'Pauschal'),(185,'An/Abfahrt Bagger ',150,'Pauschal'),(186,'Baggerarbeiten Mobil 320  RN:INSB A1 Wangauer Ache',35,'Stunden'),(187,'An/Abfahrt',35,'Stunden'),(188,'BVH: Neubau Wirtschaftsgebäude Baggerarbeiten für Kanal/Abwasser',35,'Stunden'),(189,'Anfahrt/Abfahrt 5x2 Std',35,'Stunden'),(190,'Baustelle:B70 Packer Strasse Kalchergrabendurchlass  Baggerarbeiten für Zufahrtsstraße ',35,'Stunden'),(191,'An/Abfahrt ',35,'Stunden'),(192,'Baggerstunden mit Mann',55,'Stunden'),(193,'Kompaktlader mit Mann',45,'Stunden'),(194,'Rüttelplatte',65,'Tage'),(195,'Hydraulikhammer',100,'Tage'),(196,'Schotter/Frostkoffer 0/32CEU5A2 inkl Anlieferung 24,35t',708,'Pauschal'),(197,'Entsorgung Pflastersteine Schutt',1375,'Pauschal'),(198,'Anfahrt/Abfahrt Bagger ',170,'Pauschal'),(199,'Anfahrt/Abfahrt Kompaktlader und Rüttelplatte',100,'Pauschal'),(200,'RN: ISNB A1 Wangauer Ache / Mobilbaggerarbeiten 320',35,'Stunden'),(201,'An/Abfahrt ',35,'Stunden'),(202,'Baustelle:B70 Packer Strasse Kalchergrabendurchlass Baggerarbeiten Kubelko ',35,'Stunden'),(203,'An/Abfahrt',35,'Stunden'),(204,'Baustelle:B70 Packer Strasse Kalchergrabendurchlass Baggerarbeiten Kubelko ',35,'Stunden'),(205,'An/Abfahrt ',35,'Stunden'),(206,'Baustelle: B70 Packer Strasse Kalchergrabendurchlass Baggerarbeiten Kubelko',35,'Stunden'),(207,'An/Abfahrt ',35,'Stunden'),(208,'Baustelle: A2 Minimundus         Baggerarbeiten CAT 9Tonnen',35,'Stunden'),(209,'An/Abfahrt',35,'Stunden'),(210,'BVH: INSB A1 Wangauer Ache : Baggerarbeiten CAT 323 - 9t',35,'Stunden'),(211,'Anfahrt/Abfahrt ',35,'Stunden'),(212,'BVH: INSB A1 Wangauer  Ache / Baggerarbeiten CAT 9t',35,'Stunden'),(213,'An/Abfahrt',35,'Stunden'),(214,'BVH: INSB A1 Wangauer  Ache / Baggerarbeiten CAT 9t',35,'Stunden'),(215,'An/Abfahrt',35,'Stunden'),(216,'BVH: INSB A1 Wangauer  Ache/Baggerarbeiten Cat 9t',35,'Stunden'),(217,'An/Abfahrt',35,'Stunden'),(218,'BVH:INSB A1 Baggerarbeiten CAT 308',35,'Stunden'),(219,'Anfahrt/Abfahrt',35,'Stunden'),(220,'BVH:INSB A1 Wangauer Ache Baggerarbeiten CAT308',35,'Stunden'),(221,'Anfahrt /Abfahrt ',35,'Stunden'),(222,'BVH:INSB  A1 Wangauer Ache Baggerarbeiten Mobil Cat',35,'Stunden'),(223,'Anfahrt/Abfahrt',35,'Stunden'),(224,'BVH:INSB Wangauer Ache Baggerarbeiten CAT 323',35,'Stunden'),(225,'Anfahrt/Abfahrt',35,'Stunden'),(226,'BVH: A\" Minimundus Baggerarbeiten Kubelko',35,'Stunden'),(227,'An/Abfahrt',35,'Stunden'),(228,'BVH:A2 Minimundus Baggerarbeiten Kubelko und Cat 308',35,'Stunden'),(229,'Anfahrt/Abfahrt',35,'Stunden'),(230,'Diverse Dienstleistungen im Rahmen des Erdbaues',30,'Stunden'),(231,'Diverse Baggerarbeiten und Dienstleistungen im Rahmen des Erdbaues',25,'Stunden'),(232,'BVH: A2 Minimundus Baggerarbeiten Kubelko /Cat 308',35,'Stunden'),(233,'An/Abfahrt',35,'Stunden'),(234,'BVH: A2 Minimundus Baggerarbeiten Kubelko/Cat 308',35,'Stunden'),(235,'An/Abfahrt',35,'Stunden'),(236,'BVH A2 Minimundus BaggerarbeitenCAT308/ Kubelko/Mobilbagger',35,'Stunden'),(237,'An/Abfahrt',35,'Stunden'),(238,'Diverse Baggerarbeiten und Dienstleistungen im Rahmen des Erdbaues',25,'Stunden'),(239,'Anfahrt/Abfahrt',25,'Stunden'),(240,'Diverse Baggerarbeiten und Dienstleistungen im Rahmen des Erdbaues',25,'Stunden'),(241,'Anfahrt/Abfahrt',25,'Stunden'),(242,'BVH:A2 Minimundus Baggerarbeiten CAT 308',35,'Stunden'),(243,'An/Abfahrt',35,'Stunden'),(244,'BVH: A2 Minimundus Baggerarbeiten Cat 308',35,'Stunden'),(245,'An/Abfahrt',35,'Stunden'),(246,'BVH:A2 Minimundus Baggerarbeiten CAT 308 /Kobelko 230  ',35,'Stunden'),(247,'Anfahrt/Abfahrt ',35,'Stunden'),(248,'BVH: A2 Minimundus Baggerarbeiten Kobelko 230 / KAT 308',35,'Stunden'),(249,'Anfahrt/Abfahrt',35,'Stunden'),(250,'BVH:A2 Minimundus Baggerarbeiten Kobelko230 und CAT 308',35,'Stunden'),(251,'Anfahrt/Abfahrt',35,'Stunden'),(252,'BVH:A2 Minimundus Baggerarbeiten CAT 308',35,'Stunden'),(253,'An/Abfahrt',35,'Stunden'),(254,'BVH:A2 Minimundus  Baggerarbeiten CAT 308 und Kobelko ',35,'Stunden'),(255,'Anfahrt/Abfahrt ',35,'Stunden'),(256,'BVH:A2 Minimundus Anfahrt Bagger TB225',150,'Pauschal'),(257,'Baggerarbeiten TB 225 25.03 bis 27.03.2024',50,'Stunden'),(258,'Baggerarbeiten Kobelko 28.03.2024',35,'Stunden'),(259,'Tagesmiete Bagger TB225  28.03 und 29.03.2024',160,'Pauschal'),(260,'Anfahrt/Abfahrt ',35,'Stunden'),(261,'Treibstoffbedarf für Bauleistung BVH: A2 Minimundus ',339.37,'Pauschal'),(262,'Treibstoffbedarf für Bauleistung BVH: A2 Minimundus ',339.36,'Pauschal'),(263,'BVH:A2 Minimundus Baggerarbeiten TB225 ohne Hydraulikhammer',50,'Stunden'),(264,'An/Abfahrt',35,'Stunden'),(265,'BVH:A2 Minimundus Baggerarbeiten TB 225',50,'Stunden'),(266,'Tagesmiete Bagger 12.04.2024 ',160,'Pauschal'),(267,'Anfahrt/Abfahrt ',35,'Stunden'),(268,'BVH: A2 Minimundus Hydraulikhammer Tagesmiete (zu Rechnung Nr. 74 vom 07.04.2024)',75,'Tage'),(269,'BVH: A2 Minimundus Baggerarbeiten TB 225',50,'Stunden'),(270,'Baggerarbeiten 17t Bagger ',35,'Stunden'),(271,'Abfahrt Bagger TB225',150,'Pauschal'),(272,'Anfahrt/Abfahrt',35,'Stunden'),(273,'BVH: A2 Minimundus Baggerarbeiten Mobilbagger 17t',35,'Stunden'),(274,'Anfahrt/Abfahrt ',35,'Stunden'),(275,'Treibstoffbedarf für Bauleistung BVH: A2 Minimundus',419.45,'Pauschal'),(276,'Treibstoffbedarf für Bauleistung BVH: A2 Minimundus',419.46,'Pauschal'),(277,'BVH: A2 Minimundus Baggerarbeiten Mobil 17t',35,'Stunden'),(278,'Anfahrt/Abfahrt',35,'Stunden'),(279,'BVH: A2 Minimundus Baggerarbeiten Mobil 17t',35,'Stunden'),(280,'Anfahrt/Abfahrt ',35,'Stunden'),(281,'BVH: A2 Minimundus Baggerarbeiten Mobil 17T Radbagger Atlasbagger',35,'Stunden'),(282,'Baggerarbeiten TB225 ',50,'Stunden'),(283,'Tagesmiete ',160,'Pauschal'),(284,'An/Abfahrt Bagger TB225',150,'Pauschal'),(285,'Anfahrt/Abfahrt',35,'Stunden'),(286,'Diverse Baggerarbeiten und Dienstleistungen im Rahmen des Erdbaues',25,'Stunden'),(287,'Diverse Baggerarbeiten und Dienstleistungen im Rahmen des Erdbaues',25,'Stunden'),(288,'BVH:A2 Minimundus Baggerarbeiten CAT 308',35,'Stunden'),(289,'Anfahrt/Abfahrt',35,'Stunden'),(290,'BVH: Latschach Velden Baggerarbeiten mit Mobil CAT',35,'Stunden'),(291,'Anfahrt/Abfahrt',35,'Stunden'),(292,'Treibstoffbedarf für Bauleistung BVH: A2 Minimundus',326.02,'Pauschal'),(293,'Treibstoffbedarf für Bauleistung BVH: A2 Minimundus',326.03,'Pauschal'),(294,'BVH: A2 Minimundus Baggerarbeiten Kobelco ',35,'Stunden'),(295,'Anfahrt/Abfahrt',35,'Stunden'),(296,'Baggerarbeiten TB 225 ',300,'Pauschal'),(297,'Rüttelplatte ',50,'Pauschal'),(298,'Anfahrt/Abfahrt ',100,'Pauschal'),(299,'BVH: A2 Minimundus Baggerarbeiten Kobelco',35,'Stunden'),(300,'Anfahrt/Abfahrt',35,'Stunden'),(301,'BVH : Latschach Schlechtwetter 03.06 und 10.06',35,'Stunden'),(302,'An/Abfahrt',35,'Stunden'),(303,'BVH: Latschach Baggerarbeiten Kobelco',35,'Stunden'),(304,'Anfahrt/Abfahrt',35,'Stunden'),(305,'LS vom 15.6.2024 Velo Mantelbeton WSD 35 2000x5ooM',19.42,'m2'),(306,'Velo Mb-Normalbügel DS 35/180/35MM',0.64,'Stück'),(307,'Betonrippenstahl 10mm 7mStg 4,340kg ',3.58,'Stück'),(308,'Baum. Trockenbeton 20 40kg ',5.41,'Sack'),(309,'Gutschrift 2405248 vom 24.06.2024',-652.17,'Pauschal'),(310,'Gutschrift 2405249 vom 24.06.2024',-38.84,'Pauschal'),(311,'BVH: Latschach LS Nr. 54 Baggerarbeiten Kobelco und CAT336',35,'Stunden'),(312,'Anfahrt/Abfahrt',35,'Stunden'),(313,'BVH Latschach Baggerarbeiten CAT 336 LS 55',35,'Stunden'),(314,'Anfahrt/Abfahrt',35,'Stunden'),(315,'BVH: Wölfnitz Brücke beim Obi  LS 56 Baggerarbeiten TB225',50,'Stunden'),(316,'Anfahrt/Abfahrt',150,'Pauschal'),(317,'BVH: A2 Minimundus A2  LS 57 Baggerarbeiten Kobelco',35,'Stunden'),(318,'Treibstoffbedarf für Bauleistung BVH: A2 Minimundus',50.29,'Pauschal'),(319,'Treibstoffbedarf für Bauleistung BVH: Latschach ',394.94,'Pauschal'),(320,'Treibstoffbedarf für Bauleistung BVH: A2 Minimundus',50.29,'Pauschal'),(321,'Treibstoffbedarf für Bauleistung BVH: Latschach ',394.94,'Pauschal'),(322,'BVH: Latschach  Baggerarbeiten CAT 336',35,'Stunden'),(323,'Anfahrt/Abfahrt',35,'Stunden'),(324,'BVH: Latschach Baggerarbeiten CAT 336 LS 60',35,'Stunden'),(325,'Anfahrt/Abfahrt',35,'Stunden'),(326,'BVH: Latschach Baggerarbeiten CAT 336 LS 61',35,'Stunden'),(327,'Anfahrt/Abfahrt',35,'Stunden'),(328,'BVH: A2 Minimundus Baggerarbeiten Kobelko  LS 58',35,'Stunden'),(329,'Anfahrt',35,'Stunden'),(330,'BVH: Latschach Baggerarbeiten CAT 336 LS 62',35,'Stunden'),(331,'Anfahrt/Abfahrt',35,'Stunden'),(332,'Treibstoffbedarf für Bauleistung BVH : Latschach',635.98,'Pauschal'),(333,'Treibstoffbedarf für Bauleistung BVH : Latschach',635.98,'Pauschal'),(334,'BVH: Latschach Baggerarbeiten CAT 336 LS 63',35,'Stunden'),(335,'Anfahrt/Abfahrt',35,'Stunden'),(336,'Bagger An/Abfahrt',200,'Pauschal'),(337,'Lader Anfahrt/Abfahrt und Endreinigung',200,'Pauschal'),(338,'Baggerarbeiten mit Mann je Stunde nach Bedarf',50,'Stunden'),(346,'Arbeit:Steinmauer setzen ,Randleisten und Steine verlegen',30,'Stunden'),(347,'Lader Wochenmiete Mo bis Fr ',625,'Pauschal'),(348,'An/Abfahrt PKW je',10,'Stunden'),(349,'Maschinen und Werkzeug ',150,'Pauschal'),(350,'Verschnitt ohne Gewähr, ohne Schotter und Split, ohne Entsorgung von Aushubmaterial Preise sind Nettopreise',0,'0'),(351,'BVH : Fa LICO Baggerarbeiten TB 225 ',50,'Stunden'),(352,'Anfahrt Abfahrt ',35,'Stunden'),(353,'Anfahrt /Abfahrt Bagger ',200,'Pauschal'),(354,'Anfahrt/Abfahrt Bagger TB225 ',100,'Pauschal'),(355,'Tagesmiete Dumper ',140,'Pauschal'),(356,'Baggerarbeiten LS 65 und LS 66',40,'Stunden'),(357,'Diverses Material Zadruga ',1025.05,'Pauschal'),(358,'BVH : Latschach Baggerarbeiten CAT 336 LS 67',35,'Stunden'),(359,'Anfahrt/Abfahrt',35,'Stunden'),(360,'BVH: Wölfnitz Brücke Obi LS 68',35,'Stunden'),(361,'Anfahrt/Abfahrt',35,'Stunden'),(362,'Treibstoffbedarf für Bauleistungen BVH Latschach , Wölfnitz Brücke und Fa Lico',339.48,'Pauschal'),(363,'Treibstoffbedarf für Bauleistungen BVH Latschach , Wölfnitz Brücke und Fa Lico',339.48,'Pauschal'),(364,'Treibstoffbedarf für Bauleistungen BVH Latschach , Wölfnitz Brücke und Fa Lico',339.48,'Pauschal'),(365,'BVH : Wölfnitz Brücke Obi Baggerarbeiten TB225 LS 69',50,'Stunden'),(366,'Anfahrt/Abfahrt',35,'Stunden'),(367,'BVH: Latschach Baggerarbeiten TB225 LS 70',50,'Stunden'),(368,'Anfahrt/Abfahrt',35,'Stunden'),(369,'BVH: Wölfnitz Brücke Obi Baggerarbeiten TB225 LS 71',50,'Stunden'),(370,'Anfahrt/Abfahrt',35,'Stunden'),(371,'Baggerarbeiten LS 74',60,'Stunden'),(372,'An/Abfahrt Bagger TB 225',150,'Pauschal'),(373,'BVH: Globasnitz Brücke LS 72 und 75 Baggerarbeiten TB225',50,'Stunden'),(374,'Baggerarbeiten TB2150',35,'Stunden'),(375,'Anfahrt/Abfahrt',35,'Stunden'),(376,'BaggermieteTB2150  inkl.  Hydraulikhammer',775,'Pauschal'),(378,'BVH: Latschach Baggerarbeiten CAT 336 LS 76',35,'Stunden'),(379,'Anfahrt/Abfahrt',35,'Stunden'),(380,'BVH: Latschach Baggerarbeiten TB225 LS 78',50,'Stunden'),(381,'Anfahrt/Abfahrt',35,'Stunden'),(382,'Treibstoffbedarf für Bauleistung BVH: Latschach und Wölfnitz Brücke ',321.95,'Pauschal'),(383,'Treibstoffbedarf für Bauleistung BVH: Latschach und Wölfnitz Brücke ',321.95,'Pauschal'),(384,'Anfahrt Abfahrt Lader',200,'Pauschal'),(385,'Anfahrt/Abfahrt Bagger',200,'Pauschal'),(386,'Baggerarbeiten TB225',200,'Pauschal'),(387,'Arbeit Leisten setzen, Platten legen planieren',30,'Stunden'),(388,'Lader Miete ',625,'Pauschal'),(389,'An/Abfahrt ',10,'Stunden'),(390,'Maschinen ',150,'Pauschal'),(391,'BVH: A2 Minumundus Baggerarbeiten TB225 LS 80',50,'Stunden'),(392,'BVH: A2 Minimundus Baggerarbeiten CAT 336 LS 81 ',35,'Stunden'),(393,'Anfahrt Abfahrt LS 80 und 81 ',35,'Stunden'),(394,'BVH: B.O.T Baggerarbeiten TB 225 LS 82',50,'Stunden'),(395,'Anfahrt/Abfahrt  ',150,'Pauschal'),(396,'BVH: A2 Minimundus Baggerarbeiten CAT 336 LS 83',35,'Stunden'),(397,'Anfahrt /Abfahrt',35,'Stunden'),(398,'BVH: A2 Minimundus Baggerarbeiten CAT 336 LS 83',35,'Stunden'),(399,'Anfahrt /Abfahrt',35,'Stunden'),(400,'BVH: A2 Minimundus Baggerarbeiten TB225 LS 84',50,'Stunden'),(401,'Anfahrt/Abfahrt',35,'Stunden'),(402,'BVH: Globasnitz Brücke Baggerarbeiten TB225 LS 85',50,'Stunden'),(403,'Anfahrt/Abfahrt',150,'Pauschal'),(404,'trtrr',1233,'Pauschal'),(405,'BVH: Globasnitz Brücke TB225 LS 85',50,'Stunden'),(406,'Anfahrt/Abfahrt Bagger ',150,'Pauschal'),(407,'Treibstoffbedarf für Bauleistung BVH: A2 Minimundus ',423.07,'Pauschal'),(408,'BVH: A2 Minimundus Baggerarbeiten TB225 LS 86 ',50,'Stunden'),(409,'Anfahrt/Abfahrt ',35,'Stunden'),(410,'BVH: Latschach Baggerarbeiten CAT 336 LS 87',35,'Stunden'),(411,'Anfahrt/Abfahrt',35,'Stunden'),(412,'BVH:Latschach Baggerarbeiten CAT 336 LS 88',35,'Stunden'),(413,'Anfahrt/Abfahrt',35,'Stunden'),(414,'BVH: Latschach Baggerarbeiten TB225 LS 89',50,'Stunden'),(415,'Anfahrt/Abfahrt',35,'Stunden'),(416,'BVH: Latschach Baggerarbeiten TB225 LS 90',50,'Stunden'),(417,'Anfahrt/Abfahrt',35,'Stunden'),(418,'Treibstoffbedarf für Bauleistung BVH: A2 Minimundus und Latschach',435.89,'Pauschal'),(419,'Treibstoffbedarf für Bauleistung BVH: A2 Minimundus und Latschach',435.89,'Pauschal'),(420,'BVH Latschach : Baggerarbeiten CAT 336 LS 91 ',35,'Stunden'),(421,'BVH: Wernberg Baggerarbeiten Kobelco LS 92',35,'Stunden'),(422,'Anfahrt/Abfahrt ',35,'Stunden'),(423,'BVH: Wernberg Baggerarbeiten Kobelko LS 93 ',35,'Stunden'),(424,'Anfahrt/Abfahrt',35,'Stunden'),(425,'BVH: Wernberg Baggerarbeiten Kobelko LS 94',35,'Stunden'),(426,'Anfahrt/Abfahrt',35,'Stunden'),(427,'Treibstoffbedarf für Bauleistung BVH: Latschach und Wernberg ',457.18,'Pauschal'),(428,'Diverse Baggerarbeiten und Dienstleistungen im Rahmen des Erdbaues',25,'Stunden'),(429,'Mobilbaggerarbeiten CAT 318 BVH: Wernberg LS 95',35,'Stunden'),(430,'Anfahrt/Abfahrt',35,'Stunden'),(431,'Diverse Baggerarbeiten und Dienstleistung in Rahmen des Erdbaues ',25,'Stunden'),(432,'BVH: Wernberg Baggerarbeiten Kobelko LS 96 ',35,'Stunden'),(433,'Anfahrt/Abfahrt',35,'Stunden'),(434,'Baggerarbeiten  Kobelko BVH : Wernberg LS 97',35,'Stunden'),(435,'Anfahrt/Abfahrt',35,'Stunden'),(436,'BVH: Wernberg LS 98 Baggerarbeiten Kobelko',35,'Stunden'),(437,'Anfahrt/Abfahrt',35,'Stunden'),(438,'Diverse Baggerarbeiten und Dienstleistung im Rahmen des Erdbaues ',25,'Stunden'),(439,'BVH: Wernberg Baggerarbeiten Kobelko LS 99 ',35,'Stunden'),(440,'Anfahrt/Abfahrt',35,'Stunden'),(441,'BVH: Wernberg Baggerarbeiten Kobelko LS 99 ',35,'Stunden'),(442,'Anfahrt/Abfahrt',35,'Stunden'),(443,'BVH: Wernberg Baggerarbeiten Kobelko LS 99 ',35,'Stunden'),(444,'Anfahrt/Abfahrt',35,'Stunden'),(445,'Treibstoffbedarf für Bauleistung BVH:  Wernberg ',549.5,'Pauschal'),(446,'BVH: Wernberg Baggerarbeiten Kobelko LS 100 ',35,'Stunden'),(447,'Anfahrt/Abfahrt',35,'Stunden'),(448,'BVH: Wernberg Baggerarbeiten Kobelko LS 101',35,'Stunden'),(449,'Baggerarbeiten TB225',50,'Stunden'),(450,'Anfahrt/ Abfahrt Bagger TB225 ',150,'Pauschal'),(451,'Anfahrt /Abfahrt ',35,'Stunden'),(452,'BVH: Wernberg Baggerarbeiten Kobelko LS 102 ',35,'Stunden'),(453,'Anfahrt /Abfahrt ',35,'Stunden'),(454,'Diverse Baggerarbeiten und Dienstleistungen im Rahmen des Erdbaues',25,'Stunden'),(455,'Diverse Baggerarbeiten und Dienstleistungen im Rahmen des Erdbaues',25,'Stunden'),(456,'BVH: Wernberg Baggerarbeiten Kobelko LS 103',35,'Stunden'),(457,'Anfahrt/Abfahrt',35,'Stunden'),(458,'Treibstoffbedarf für Bauleistung BVH Wernberg',468.06,'Pauschal'),(459,'BVH: Wernberg Baggerarbeiten Kobelko LS 104',35,'Stunden'),(460,'Anfahrt/Abfahrt',35,'Stunden'),(461,'BVH: A2 Minimundus Baggerarbeiten TB225 LS 105',50,'Stunden'),(462,'Anfahrt/Abfahrt Bagger TB225',200,'Pauschal'),(463,'Rüttelplatte Miete',70,'Pauschal'),(464,'BVH: Wernberg Baggerarbeiten TB225 LS 106',50,'Stunden'),(465,'Anfahrt/Abfahrt',35,'Stunden'),(466,'BVH: Wernberg Baggerarbeiten TB225 LS 107',50,'Stunden'),(467,'Anfahrt/Abfahrt',35,'Stunden'),(468,'BVH: Baggerarbeiten TB225 LS 108',50,'Stunden'),(469,'Anfahrt/Abfahrt',35,'Stunden'),(470,'Treibstoffbedarf für Bauleistung BVH Wernberg ',606.16,'Pauschal'),(471,'BVH: Wernberg Baggerarbeiten TB225 LS 109',50,'Stunden'),(472,'Anfahrt/Abfahrt',35,'Stunden'),(473,'BVH: Wernberg Baggerarbeiten TB225 LS 110',50,'Stunden'),(474,'Anfahrt/Abfahrt',35,'Stunden'),(475,'BVH:Wernberg Baggerarbeiten TB225 LS 111',50,'Stunden'),(476,'Anfahrt/Abfahrt',35,'Stunden'),(477,'BVH: Wernberg Baggerarbeiten TB225 LS112',50,'Stunden'),(478,'Anfahrt/Abfahrt',35,'Stunden'),(479,'Treibstoffbedarf für Bauleistung BVH: Wernberg ',479.48,'Pauschal'),(480,'BVH: Wernberg Baggerarbeiten TB225 LS 113 ',50,'Stunden'),(481,'Anfahrt/Abfahrt',35,'Stunden'),(482,'BVH: Wernberg Baggerarbeiten TB225 LS 114 ',50,'Stunden'),(483,'Anfahrt/Abfahrt',35,'Stunden'),(484,'Diverse Baggerarbeiten und Dienstleistungen im Rahmen des Erdbaues ',0,'Pauschal'),(485,'Sonntag 18.05.2025 8:00 bis 17:30 x 2',25,'Stunden'),(486,'Samstag 24.05.2025 8:00 bis 17:30',25,'Stunden'),(487,'BVH: Wernberg und A2 Minimundus LS 116',50,'Stunden'),(488,'Anfahrt/Abfahrt',35,'Stunden'),(489,'BVH: Wernberg LS 117 Baggerarbeiten TB225',50,'Stunden'),(490,'Anfahrt/Abfahrt',35,'Stunden'),(491,'BVH : Wernberg Baggerarbeiten TB 225 LS 118 ',50,'Stunden'),(492,'Anfahrt Abfahrt',35,'Stunden'),(493,'Treibstoffbedarf für Bauleistung BVH: Wernberg Mai 2025',517.86,'Pauschal'),(494,'Treibstoffbedarf für Bauleistung BVH: Wernberg Mai 2025',517.86,'Pauschal'),(495,'BVH Wernberg Baggerarbeiten TB225 LS 121',50,'Stunden'),(496,'Anfahrt/Abfahrt',35,'Stunden'),(497,'BVH: St Marxen 94 Angebot für 43m2 Meter Pflasterarbeiten inkl Baggerarbeiten Anfahrt/Abfahrt, Entsorgung vom Aushubmaterial, Split für Unterbau inkl Lieferung, Randleisten inkl Fertigbeton, Werkzeug und Maschinen inkl Rüttelplatte',2083.33,'Pauschal'),(498,'BVH: St.Marxen 94 Angebot für 43m2 Meter Pflasterarbeiten, inkl Baggerarbeiten An/Abfahrt, inkl Entsorgung vom Aushubmaterial, inkl Spilt für Unterbau und Lieferung, inkl Randleisten und Fertigbeton, inkl Werkzeug und Maschinen, inkl Rüttelplatte ',2083.33,'Pauschal'),(499,'Pflastersteine sind nicht im Angebot enthalten',0,'Pauschal'),(500,'Baggerarbeiten ',25,'Stunden'),(501,'BVH: Wernberg Baggerarbeiten TB225 LS 122',50,'Stunden'),(502,'Anfahrt Abfahrt',35,'Stunden'),(503,'BVH: Wernberg Baggerarbeiten TB225 LS 123',50,'Stunden'),(504,'Anfahrt/Abfahrt',35,'Stunden'),(505,'Treibstoffbedarf für Bauleistung BVH: Wernberg ',422.36,'Pauschal'),(506,'BVH: Wernberg Baggerarbeiten TB225 LS 125',50,'Stunden'),(507,'Anfahrt/Abfahrt',35,'Stunden'),(508,'BVH: Jauntaler Kies Baggerarbeiten LS 124',37,'Stunden'),(509,'BVH: Jauntaler Kies Baggerarbeiten LS 126',37,'Stunden'),(510,'BVH: Jauntaler Kies Baggerarbeiten LS 126',37,'Stunden'),(511,'Diverse Baggerarbeiten und Dienstleistung im Rahmen des Erdbaues ',25,'Stunden'),(512,'BVH: Jauntaler Kies Baggerarbeiten LS 127',37,'Stunden'),(513,'BVH: S4 ÖBB Baggerarbeiten LS 128',37,'Stunden'),(514,'Anfahrt/Abfahrt',37,'Stunden'),(515,'Anhänger TEMARED Fahrgestellnummer SWH4L31500H369167           (defekte Bremsen und Achsen) ',1250,'Pauschal'),(516,'BVH: Spittal ÖBB Baggerarbeiten LS 129',37,'Stunden'),(517,'Anfahrt/Abfahrt',37,'Stunden'),(518,'BVH: ÖBB Spittal Baggerarbeiten LS 130',37,'Stunden'),(519,'Anfahrt/Abfahrt',37,'Stunden'),(520,'Treibstoffbedarf für Bauleistung BVH: Wernberg,S4 ÖBB, Spittal ÖBB',277.33,'Pauschal'),(521,'BVH: S4 ÖBB Baggerarbeiten CAT 318 LS  131 ',37,'Stunden'),(522,'Anfahrt/Abfahrt',37,'Stunden'),(530,'BVH: Jauntaler Kies Baggerarbeiten LS 133',37,'Stunden'),(531,'BVH: Bhf St. Stefan Kostenstelle 110.20.11.01 An/Abfahrt LS 132',40,'Stunden'),(532,'Baggerarbeiten ',40,'Stunden'),(533,'Feiertagszuschlag 100% auf Pos 2 ',40,'Stunden'),(534,'Nachtzuschlag 25% auf Pos 2',10,'Stunden'),(535,'Baggerarbeiten ',40,'Stunden'),(536,'Sonntagszuschlag 100% auf Pos 5',40,'Stunden'),(537,'Nachzuschlag 25% auf Pos 5',10,'Stunden'),(538,'Baggerarbeiten ',40,'Stunden'),(539,'Nachtzuschlag 25% auf Pos 8',10,'Stunden'),(540,'BVH: Unterflurtrasse St.Andrä  Baggerarbeiten LS 134',37,'Stunden'),(541,'Anfahrt/Abfahrt',37,'Stunden'),(542,'BVH: SBH St.Andrä Baggerarbeiten TB 225 LS 135',55,'Stunden'),(543,'Anfahrt/Abfahrt Bagger TB225',150,'Pauschal'),(544,'Anfahrt/Abfahrt',37,'Stunden'),(545,'Rüttelplatte Miete 2 Tage 02.09 - 03.09',120,'Pauschal'),(546,'BVH: Unterflurtrasse St. Andrä Baggerarbeiten LS 136',37,'Stunden'),(547,'Anfahrt/Abfahrt',37,'Stunden'),(548,'Treibstoffbedarf für Bauleistung BVH: Spittal ÖBB, S4,Unterflurtrasse St. Andrä, SBH St. Andrä',487.57,'Pauschal'),(549,'BVH: Unterflurtrasse St.Andrä Baggerarbeiten LS 137',37,'Stunden'),(550,'Anfahrt/Abfahrt',37,'Stunden'),(551,'BVH. Unterflurtrasse St. Andrä Baggerarbeiten LS 138',37,'Stunden'),(552,'Anfahrt/Abfahrt',37,'Stunden'),(553,'BVH: Unterflurtrasse Baggerarbeiten LS 139',37,'Stunden'),(554,'Anfahrt/Abfahrt',37,'Stunden'),(555,'Treibstoffbedarf für Bauleistung BVH: SBH St. Andrä und Unterflurtrasse St. Andrä ',423.31,'Pauschal'),(556,'Baggerarbeiten BVH: Unterflurtrasse St. Andrä und Wernberg LS 140  und 141',37,'Stunden'),(557,'Anfahrt/Abfahrt',37,'Stunden'),(558,'BVH: Wernberg Baggerarbeiten LS 142 06 bis 08. 10 2025',37,'Stunden'),(559,'Anfahrt/Abfahrt',37,'Stunden'),(560,'BVH: Unterflurtrasse St. Andrä  Baggerarbeiten LS 143 09 und 10.10.2025',37,'Stunden'),(561,'Anfahrt/Abfahrt',37,'Stunden'),(562,'BVH: Unterflurtrasse St. Andrä Baggerarbeiten LS 144',37,'Stunden'),(563,'Anfahrt/Abfahrt',37,'Stunden');
/*!40000 ALTER TABLE `position` ENABLE KEYS */;
UNLOCK TABLES;

--
-- Table structure for table `transaction`
--

DROP TABLE IF EXISTS `transaction`;
/*!40101 SET @saved_cs_client     = @@character_set_client */;
/*!50503 SET character_set_client = utf8mb4 */;
CREATE TABLE `transaction` (
  `transactionId` int NOT NULL AUTO_INCREMENT,
  `amount` double NOT NULL,
  `description` varchar(45) NOT NULL,
  `date` date NOT NULL,
  `type` char(1) NOT NULL,
  `medium` set('CASH','CARD') NOT NULL,
  PRIMARY KEY (`transactionId`)
) ENGINE=InnoDB AUTO_INCREMENT=49 DEFAULT CHARSET=utf8mb3;
/*!40101 SET character_set_client = @saved_cs_client */;

--
-- Dumping data for table `transaction`
--

LOCK TABLES `transaction` WRITE;
/*!40000 ALTER TABLE `transaction` DISABLE KEYS */;
INSERT INTO `transaction` VALUES (1,100,'Kontoeröffnung','2022-03-17','o','CARD'),(2,150,'Einlage','2022-03-17','i','CARD'),(3,138.98,'Rechtschutz Versicherung Halbjährlich','2022-03-17','o','CARD'),(4,138.98,'Rechtschutz Versicherung Doppelbuchung ','2022-03-22','o','CARD'),(5,2000,'bareinlage','2022-03-23','i','CASH'),(6,966.09,'Haftpflichtversicherung','2022-03-23','o','CARD'),(7,30.59,'Sollzinsen Bereitstellung Kostenbeitrag','2022-03-31','o','CARD'),(8,52.95,'Vista Print Visitenkarten','2022-04-12','o','CARD'),(9,200,'Barabhebung  für Anmeldung L200','2022-04-21','o','CARD'),(10,50,'Barbehebung','2022-04-21','o','CARD'),(11,85.77,'Pagro ','2022-04-21','o','CARD'),(12,10000,'Bareinzahlung','2022-04-21','i','CARD'),(13,10000,'Anzahlung Auto Marko L200','2022-04-21','o','CARD'),(14,90.24,'Tanken L200 Griffen','2022-04-21','o','CARD'),(15,81.48,'Ikea Regal','2022-04-22','o','CARD'),(16,1500,'Barabhebung','2022-04-25','o','CARD'),(17,15.72,'Amazon','2022-04-27','o','CARD'),(18,2000,'Anzahlung Muhr','2022-04-25','i','CARD'),(19,35.28,'Amazon','2022-04-27','o','CARD'),(20,90.56,'Amazon','2022-04-27','o','CARD'),(21,154.9,'Amazon','2022-04-27','o','CARD'),(22,420,'Hojesch Kramer','2022-04-30','o','CASH'),(23,827.54,'Sadjak Beton Muhr','2022-05-10','o','CARD'),(24,363.9,'Zadruga Muhr','2022-05-10','o','CARD'),(25,170,'Vorsteuer','2022-05-13','o','CARD'),(26,33,'Walze ','2022-05-21','o','CASH'),(27,660,'Hojesch Kramer','2022-05-23','o','CASH'),(28,350,'WKO Vorschreibung','2022-05-24','o','CARD'),(29,146.59,'Sadjak Kies','2022-05-24','o','CARD'),(30,1035,'GK Erdbewegung','2022-05-24','o','CARD'),(31,135.07,'Jauntaler Kies','2022-05-24','o','CARD'),(32,276.96,'VAV Autoversicherung','2022-05-03','o','CARD'),(33,870.92,'Leasing plus Erstmalige Bereitstellung','2022-05-04','o','CARD'),(34,117.08,'A1 Internet','2022-05-09','o','CARD'),(35,1700,'Muhr Teilzahlung Rg ','2022-05-23','i','CARD'),(36,8069.2,'Teilbetrag Rechnung','2022-05-24','i','CARD'),(38,200,'Barbehebung','2022-05-25','o','CARD'),(39,42.56,'Sozialversicherungsbeitrag','2022-05-31','o','CARD'),(40,376.54,'Easy Leasing L200','2022-06-01','o','CARD'),(41,185.2,'VAV Autoversicherung','2022-06-01','o','CARD'),(42,820.38,'Schwab Tanken','2022-06-02','o','CARD'),(43,35.28,'Amazon','2022-06-02','o','CARD'),(44,708.68,'Mobiler Tank L200','2022-06-07','o','CARD'),(45,117.95,'Druckshirt','2022-06-07','o','CARD'),(46,59.9,'A1 Internet','2022-06-10','o','CARD'),(47,38.9,'Sadjak Beton','2022-06-10','o','CARD'),(48,341.89,'Handy ','2022-06-10','o','CARD');
/*!40000 ALTER TABLE `transaction` ENABLE KEYS */;
UNLOCK TABLES;

--
-- Dumping events for database 'firmaDB'
--

--
-- Dumping routines for database 'firmaDB'
--
/*!40103 SET TIME_ZONE=@OLD_TIME_ZONE */;

/*!40101 SET SQL_MODE=@OLD_SQL_MODE */;
/*!40014 SET FOREIGN_KEY_CHECKS=@OLD_FOREIGN_KEY_CHECKS */;
/*!40014 SET UNIQUE_CHECKS=@OLD_UNIQUE_CHECKS */;
/*!40101 SET CHARACTER_SET_CLIENT=@OLD_CHARACTER_SET_CLIENT */;
/*!40101 SET CHARACTER_SET_RESULTS=@OLD_CHARACTER_SET_RESULTS */;
/*!40101 SET COLLATION_CONNECTION=@OLD_COLLATION_CONNECTION */;
/*!40111 SET SQL_NOTES=@OLD_SQL_NOTES */;

-- Dump completed on 2025-10-24 18:45:18
